mean_pred_prob,observed_win_rate
0.22462125154129645,0.2564102564102564
0.34577177884057164,0.34375
0.4358760693024114,0.3711340206185567
0.5044915060377331,0.4845814977973568
0.5747084127644361,0.6101694915254238
0.6149481156293084,0.6588235294117647
0.7260234035901575,0.7114093959731543
0.7881355881690979,0.8198198198198198
0.946308953066667,0.8541666666666666
