mean_pred_prob,observed_win_rate
0.15240159637330117,0.20454545454545456
0.32517638335926363,0.30303030303030304
0.4265402853488922,0.4074074074074074
0.44999998807907104,0.5
0.5313380767866386,0.5373665480427047
0.5615917006625405,0.6075949367088608
0.6752330983145555,0.6738197424892703
0.7544253296771292,0.7175141242937854
0.7679181098937988,0.8106796116504854
0.9085250526018764,0.8804347826086957
