mean_pred_prob,observed_win_rate
0.15196552831599375,0.20614035087719298
0.3238849254215465,0.29901960784313725
0.4265402853488922,0.4073107049608355
0.44999998807907104,0.5072463768115942
0.5311033455272244,0.5376712328767124
0.5491021871566772,0.6212121212121212
0.6720128301605285,0.6733067729083665
0.7544279842745534,0.7237569060773481
0.7679181098937988,0.8047619047619048
0.9086705507129751,0.8817204301075269
