mean_pred_prob,observed_win_rate
0.22391739750641768,0.2484472049689441
0.3458653184083792,0.3384615384615385
0.46363143270374624,0.44086021505376344
0.5099337697029114,0.4652777777777778
0.5744278791450685,0.6209677419354839
0.6153578262650565,0.651685393258427
0.7265111927716237,0.7169811320754716
0.7881355881690979,0.825
0.9469767177806181,0.8627450980392157
