mean_pred_prob,observed_win_rate
0.22501037922884704,0.25477707006369427
0.3458653184083792,0.3384615384615385
0.46328449053842513,0.4371584699453552
0.5099337697029114,0.4652777777777778
0.5743277688988117,0.6134453781512605
0.6151576802648347,0.6551724137931034
0.7253273236041038,0.7152317880794702
0.7881355881690979,0.8173913043478261
0.9474046680392051,0.8571428571428571
